{
  "project_info": {
    "project_number": "511302437340",
    "project_id": "fir-app-7e452",
    "storage_bucket": "fir-app-7e452.appspot.com"
  },
  "client": [
    {
      "client_info": {
        "mobilesdk_app_id": "1:511302437340:android:fa98f68be96b3ac522e719",
        "android_client_info": {
          "package_name": "com.example.firebaseapp"
        }
      },
      "oauth_client": [],
      "api_key": [
        {
          "current_key": "AIzaSyC91X1CRoe-H4ZpkCgunM80xE-rODERrLw"
        }
      ],
      "services": {
        "appinvite_service": {
          "other_platform_oauth_client": []
        }
      }
    }
  ],
  "configuration_version": "1"
}